{
  "cameras": [
    {
      "name": "cam0",
      "pos": [
        0.35,
        -0.45,
        0.95
      ],
      "target": [
        0.5,
        0.0,
        0.68
      ],
      "up": [
        0.0,
        0.0,
        1.0
      ],
      "width": 1280,
      "height": 720,
      "fov": 55.0,
      "near": 0.05,
      "far": 2.0,
      "downsample": 1
    },
    {
      "name": "cam1",
      "pos": [
        0.75,
        0.25,
        0.95
      ],
      "target": [
        0.5,
        0.0,
        0.68
      ],
      "up": [
        0.0,
        0.0,
        1.0
      ],
      "width": 1280,
      "height": 720,
      "fov": 55.0,
      "near": 0.05,
      "far": 2.0,
      "downsample": 1
    }
  ],
  "voxel_merge": 0.002,
  "keep_only_object_points": true,
  "scene_index": 32,
  "mesh_path": "./meshes/part/part_3.stl",
  "object": {
    "id": 2,
    "base_pos": [
      0.46614043392433024,
      0.010426870731363029,
      0.6494437881512307
    ],
    "base_orn_xyzw": [
      -0.038958573625264024,
      -0.42788474844296215,
      -0.5903861074623244,
      0.6832577227565544
    ]
  }
}