{
  "cameras": [
    {
      "name": "cam0",
      "pos": [
        0.35,
        -0.45,
        0.95
      ],
      "target": [
        0.5,
        0.0,
        0.68
      ],
      "up": [
        0.0,
        0.0,
        1.0
      ],
      "width": 1280,
      "height": 720,
      "fov": 55.0,
      "near": 0.05,
      "far": 2.0,
      "downsample": 1
    },
    {
      "name": "cam1",
      "pos": [
        0.75,
        0.25,
        0.95
      ],
      "target": [
        0.5,
        0.0,
        0.68
      ],
      "up": [
        0.0,
        0.0,
        1.0
      ],
      "width": 1280,
      "height": 720,
      "fov": 55.0,
      "near": 0.05,
      "far": 2.0,
      "downsample": 1
    }
  ],
  "voxel_merge": 0.002,
  "keep_only_object_points": true,
  "scene_index": 21,
  "mesh_path": "./meshes/part/part_2.stl",
  "object": {
    "id": 2,
    "base_pos": [
      0.6254444746996392,
      -0.03346992367232441,
      0.6411855223781575
    ],
    "base_orn_xyzw": [
      0.941541782880763,
      0.17653231258157742,
      0.286502917729858,
      0.015858494146437817
    ]
  }
}