{
  "cameras": [
    {
      "name": "cam0",
      "pos": [
        0.35,
        -0.45,
        0.95
      ],
      "target": [
        0.5,
        0.0,
        0.68
      ],
      "up": [
        0.0,
        0.0,
        1.0
      ],
      "width": 1280,
      "height": 720,
      "fov": 55.0,
      "near": 0.05,
      "far": 2.0,
      "downsample": 1
    },
    {
      "name": "cam1",
      "pos": [
        0.75,
        0.25,
        0.95
      ],
      "target": [
        0.5,
        0.0,
        0.68
      ],
      "up": [
        0.0,
        0.0,
        1.0
      ],
      "width": 1280,
      "height": 720,
      "fov": 55.0,
      "near": 0.05,
      "far": 2.0,
      "downsample": 1
    }
  ],
  "voxel_merge": 0.002,
  "keep_only_object_points": true,
  "scene_index": 40,
  "mesh_path": "./meshes/part/part_1.stl",
  "object": {
    "id": 2,
    "base_pos": [
      0.6691970571405836,
      -0.08309726414414886,
      0.6456793291821221
    ],
    "base_orn_xyzw": [
      -0.19581608290685495,
      0.3534470058070827,
      -0.6728416096684667,
      0.619689796640037
    ]
  }
}