{
  "cameras": [
    {
      "name": "cam0",
      "pos": [
        0.35,
        -0.45,
        0.95
      ],
      "target": [
        0.5,
        0.0,
        0.68
      ],
      "up": [
        0.0,
        0.0,
        1.0
      ],
      "width": 1280,
      "height": 720,
      "fov": 55.0,
      "near": 0.05,
      "far": 2.0,
      "downsample": 1
    },
    {
      "name": "cam1",
      "pos": [
        0.75,
        0.25,
        0.95
      ],
      "target": [
        0.5,
        0.0,
        0.68
      ],
      "up": [
        0.0,
        0.0,
        1.0
      ],
      "width": 1280,
      "height": 720,
      "fov": 55.0,
      "near": 0.05,
      "far": 2.0,
      "downsample": 1
    }
  ],
  "voxel_merge": 0.002,
  "keep_only_object_points": true,
  "scene_index": 47,
  "mesh_path": "./meshes/part/part_1.stl",
  "object": {
    "id": 2,
    "base_pos": [
      0.43226916939087673,
      -0.033848473526348885,
      0.6456785165261336
    ],
    "base_orn_xyzw": [
      -0.4007102367249291,
      0.05200444448163756,
      0.09981907856297724,
      0.9092650853809606
    ]
  }
}