{
  "cameras": [
    {
      "name": "cam0",
      "pos": [
        0.35,
        -0.45,
        0.95
      ],
      "target": [
        0.5,
        0.0,
        0.68
      ],
      "up": [
        0.0,
        0.0,
        1.0
      ],
      "width": 1280,
      "height": 720,
      "fov": 55.0,
      "near": 0.05,
      "far": 2.0,
      "downsample": 1
    },
    {
      "name": "cam1",
      "pos": [
        0.75,
        0.25,
        0.95
      ],
      "target": [
        0.5,
        0.0,
        0.68
      ],
      "up": [
        0.0,
        0.0,
        1.0
      ],
      "width": 1280,
      "height": 720,
      "fov": 55.0,
      "near": 0.05,
      "far": 2.0,
      "downsample": 1
    }
  ],
  "voxel_merge": 0.002,
  "keep_only_object_points": true,
  "scene_index": 14,
  "mesh_path": "./meshes/part/part_3.stl",
  "object": {
    "id": 2,
    "base_pos": [
      0.4045016869677249,
      -0.04157946325625224,
      0.6494436719978627
    ],
    "base_orn_xyzw": [
      0.18600402998596227,
      -0.38731030442560843,
      -0.1564112823883294,
      0.8893417451443297
    ]
  }
}